{
  "info": {
    "name": "Social Backend API",
    "schema": "https://schema.getpostman.com/json/collection/v2.1.0/collection.json"
  },
  "item": [
    {
      "name": "Register",
      "request": {
        "method": "POST",
        "header": [
          {
            "key": "Content-Type",
            "value": "application/json"
          }
        ],
        "body": {
          "mode": "raw",
          "raw": "{\"username\":\"alice\",\"email\":\"alice@example.com\",\"password\":\"password123\"}"
        },
        "url": {
          "raw": "{{base_url}}/api/auth/register/",
          "host": [
            "{{base_url}}"
          ],
          "path": [
            "api",
            "auth",
            "register"
          ]
        }
      }
    },
    {
      "name": "Login",
      "request": {
        "method": "POST",
        "header": [
          {
            "key": "Content-Type",
            "value": "application/json"
          }
        ],
        "body": {
          "mode": "raw",
          "raw": "{\"username\":\"alice\",\"password\":\"password123\"}"
        },
        "url": {
          "raw": "{{base_url}}/api/auth/login/",
          "host": [
            "{{base_url}}"
          ],
          "path": [
            "api",
            "auth",
            "login"
          ]
        }
      }
    },
    {
      "name": "Upload Video",
      "request": {
        "method": "POST",
        "header": [
          {
            "key": "Authorization",
            "value": "Bearer {{access_token}}"
          }
        ],
        "body": {
          "mode": "formdata",
          "formdata": [
            {
              "key": "title",
              "type": "text",
              "value": "Test video"
            },
            {
              "key": "file",
              "type": "file"
            }
          ]
        },
        "url": {
          "raw": "{{base_url}}/api/videos/",
          "host": [
            "{{base_url}}"
          ],
          "path": [
            "api",
            "videos"
          ]
        }
      }
    }
  ]
}